Timestamp,User Count,Type,Name,Requests/s,Failures/s,50%,66%,75%,80%,90%,95%,98%,99%,99.9%,99.99%,100%,Total Request Count,Total Failure Count,Total Median Response Time,Total Average Response Time,Total Min Response Time,Total Max Response Time,Total Average Content Size
1777142680,0,,Aggregated,0.000000,0.000000,N/A,N/A,N/A,N/A,N/A,N/A,N/A,N/A,N/A,N/A,N/A,0,0,0,0.0,0,0,0
1777142681,5,,Aggregated,0.000000,0.000000,680,680,680,680,680,680,680,680,680,680,680,3,0,679.3286250031088,677.5437916609613,676.5198329812847,679.3286250031088,133.33333333333334
1777142682,10,,Aggregated,0.000000,0.000000,680,680,1700,1700,1700,1700,1700,1700,1700,1700,1700,4,0,680,944.2026354954578,676.5198329812847,1744.179166998947,412.5
1777142683,15,,Aggregated,0.000000,0.000000,680,680,1700,1900,2300,2300,2300,2300,2300,2300,2300,9,0,680,943.1918101133002,72.48737500049174,2291.3455410161987,42468.444444444445
1777142684,20,,Aggregated,0.000000,0.000000,680,1600,1700,1900,1900,2300,2300,2300,2300,2300,2300,13,0,680,939.5206441561011,68.87429099879228,2291.3455410161987,29613.53846153846
1777142685,25,,Aggregated,2.333333,0.000000,680,1500,1700,1900,2300,2300,2300,2300,2300,2300,2300,18,0,680,929.924303224349,54.937582986894995,2294.133542018244,21538.5
1777142686,30,,Aggregated,3.250000,0.000000,680,1700,1900,2300,2400,2400,2400,2400,2400,2400,2400,20,0,680,1074.4426687524538,54.937582986894995,2385.9636670094915,28940.45
1777142687,35,,Aggregated,3.400000,0.000000,1600,2100,2300,2400,5400,5600,5800,5800,5800,5800,5800,30,0,1500,1742.0079332349512,54.937582986894995,5750.043165986426,19456.633333333335
1777142688,35,,Aggregated,3.166667,0.000000,1600,2200,2400,4400,5200,5600,5800,5800,5800,5800,5800,36,0,1500,1866.325179306538,54.937582986894995,5750.043165986426,16236.305555555555
1777142689,35,,Aggregated,3.571429,0.000000,1500,2300,4400,4700,5100,5400,5800,5800,5800,5800,5800,45,0,1500,1932.5382971107804,54.937582986894995,5750.043165986426,13016.466666666667
1777142690,35,,Aggregated,4.125000,0.000000,680,2200,3700,4700,5100,5400,5600,5800,5800,5800,5800,53,0,680,1832.666066000216,54.937582986894995,5750.043165986426,11097.245283018869
1777142691,35,,Aggregated,4.444444,0.000000,1500,2400,4600,4700,5100,5400,5600,5800,5800,5800,5800,58,0,680,1989.6233979655742,54.937582986894995,5750.043165986426,10171.155172413793
1777142692,35,,Aggregated,5.100000,0.000000,1200,2300,4600,4700,5100,5400,5800,6200,6200,6200,6200,62,0,680,1984.857961016279,54.937582986894995,6185.445667011663,9553.758064516129
1777142693,35,,Aggregated,5.600000,0.000000,1200,2400,4700,4700,5200,5800,7400,11000,11000,11000,11000,66,0,680,2153.46108774203,54.937582986894995,11397.439207998104,9013.272727272728
1777142694,35,,Aggregated,5.800000,0.000000,680,2400,4700,4800,5400,6200,11000,11000,11000,11000,11000,69,0,680,2222.0341696954783,54.937582986894995,11397.439207998104,8645.492753623188
1777142695,35,,Aggregated,5.800000,0.000000,680,2400,4700,4800,5400,6200,11000,11000,11000,11000,11000,69,0,680,2222.0341696954783,54.937582986894995,11397.439207998104,8645.492753623188
1777142696,35,,Aggregated,5.700000,0.000000,1200,2400,4700,4800,5600,6200,11000,11000,11000,11000,11000,70,0,680,2270.15138691391,54.937582986894995,11397.439207998104,8536.785714285714
1777142697,35,,Aggregated,5.200000,0.000000,1200,2400,4700,4800,5600,7400,11000,11000,11000,11000,11000,71,0,1200,2389.793906112457,54.937582986894995,11397.439207998104,8431.211267605633
1777142698,35,,Aggregated,5.100000,0.000000,680,2400,4700,4800,5600,7400,11000,11000,11000,11000,11000,73,0,680,2326.993415534037,54.937582986894995,11397.439207998104,8204.082191780823
1777142699,35,,Aggregated,4.500000,0.000000,680,2400,4700,4900,5800,11000,11000,14000,14000,14000,14000,77,0,680,2507.3177667785217,54.937582986894995,14308.022707991768,7809.220779220779
1777142700,35,,Aggregated,4.500000,0.000000,680,2400,4700,4900,5800,11000,11000,14000,14000,14000,14000,77,0,680,2507.3177667785217,54.937582986894995,14308.022707991768,7809.220779220779
1777142701,35,,Aggregated,3.900000,0.000000,1200,3300,4700,5100,6200,11000,11000,14000,14000,14000,14000,78,0,680,2619.594705665711,54.937582986894995,14308.022707991768,7725.333333333333
1777142702,35,,Aggregated,2.600000,0.000000,1500,3700,4800,5200,8400,11000,14000,21000,21000,21000,21000,80,0,1200,2919.510339073895,54.937582986894995,20801.492667000275,7547.1375
1777142703,35,,Aggregated,2.200000,0.000000,1600,4600,5100,5400,11000,12000,16000,21000,21000,21000,21000,84,0,1500,3265.885240082363,54.937582986894995,20801.492667000275,7232.202380952381
1777142704,35,,Aggregated,2.200000,0.000000,1600,4600,5100,5400,11000,12000,16000,21000,21000,21000,21000,84,0,1500,3265.885240082363,54.937582986894995,20801.492667000275,7232.202380952381
1777142705,35,,Aggregated,1.800000,0.000000,1900,4700,5200,5800,12000,17000,19000,21000,21000,21000,21000,88,0,1700,3958.3435790786593,54.937582986894995,20801.492667000275,6949.647727272727
1777142706,35,,Aggregated,1.600000,0.000000,1900,4700,5400,6200,11000,17000,19000,21000,21000,21000,21000,91,0,1900,4026.231414844745,54.937582986894995,20801.492667000275,6749.043956043956
1777142707,35,,Aggregated,1.600000,0.000000,2100,4800,5600,8400,13000,19000,19000,21000,21000,21000,21000,94,0,1900,4427.543569594607,54.937582986894995,20801.492667000275,6570.914893617021
1777142708,35,,Aggregated,1.900000,0.000000,1900,4800,6200,8700,16000,19000,20000,21000,25000,25000,25000,103,0,1900,4738.28118892095,54.937582986894995,25133.723207982257,6054.126213592233
1777142709,35,,Aggregated,2.300000,0.000000,2100,4900,6600,11000,17000,19000,21000,25000,25000,25000,25000,106,0,1900,5009.8259827063885,54.937582986894995,25297.89154199534,5910.735849056604
1777142710,35,,Aggregated,2.800000,0.000000,2300,5200,8700,11000,19000,21000,25000,25000,25000,25000,25000,113,0,2300,5837.715627202678,54.937582986894995,25297.89154199534,5600.831858407079
1777142711,35,,Aggregated,2.900000,0.000000,2200,5200,9800,11000,19000,21000,25000,25000,25000,25000,25000,122,0,2100,5825.133893432975,54.937582986894995,25297.89154199534,5227.491803278688
1777142712,35,,Aggregated,3.300000,0.000000,2200,5400,11000,13000,20000,22000,25000,25000,26000,26000,26000,128,0,2100,6098.5819094985345,54.937582986894995,26139.72304199706,6489.8359375
1777142713,35,,Aggregated,4.200000,0.000000,2100,5200,9800,12000,19000,22000,25000,25000,26000,26000,26000,134,0,1900,5928.349557513399,54.937582986894995,26139.72304199706,6233.4029850746265
1777142714,35,,Aggregated,4.700000,0.000000,1900,5200,9700,11000,19000,22000,25000,25000,26000,26000,26000,138,0,1900,5822.462398541772,54.937582986894995,26139.72304199706,7437.644927536232
1777142715,35,,Aggregated,5.000000,0.000000,1700,5200,8700,11000,19000,22000,25000,25000,26000,26000,26000,145,0,1700,5762.04771751554,54.937582986894995,26139.72304199706,8401.63448275862
1777142716,35,,Aggregated,5.200000,0.000000,1600,5200,8700,11000,19000,22000,25000,25000,26000,26000,26000,149,0,1600,5664.983605689778,54.937582986894995,26139.72304199706,8190.261744966443
1777142717,35,,Aggregated,5.700000,0.000000,1700,5200,8700,11000,19000,22000,25000,25000,26000,26000,26000,151,0,1700,5678.1353531838995,54.937582986894995,26139.72304199706,8096.026490066225
1777142718,35,,Aggregated,5.700000,0.000000,1900,5200,9700,11000,19000,23000,25000,25000,26000,26000,26000,152,0,1700,5806.620127998605,54.937582986894995,26139.72304199706,8049.973684210527
1777142719,35,,Aggregated,5.700000,0.000000,1900,5200,9700,11000,19000,23000,25000,25000,26000,26000,26000,152,0,1700,5806.620127998605,54.937582986894995,26139.72304199706,8049.973684210527
1777142720,35,,Aggregated,5.200000,0.000000,1900,5200,8700,11000,20000,23000,25000,25000,26000,26000,26000,157,0,1900,5842.867332788342,54.937582986894995,26139.72304199706,9028.968152866242
1777142721,35,,Aggregated,4.700000,0.000000,1900,5200,9700,11000,20000,23000,25000,25000,26000,26000,26000,159,0,1900,5833.617677923098,54.937582986894995,26139.72304199706,8925.446540880503
1777142722,35,,Aggregated,4.500000,0.000000,1900,5400,9300,11000,19000,22000,25000,25000,26000,26000,26000,163,0,1900,5798.9446150235035,54.937582986894995,26139.72304199706,8715.650306748466
1777142723,35,,Aggregated,3.800000,0.000000,1900,5600,9700,11000,20000,22000,25000,25000,26000,26000,26000,167,0,1900,5896.1299266396045,54.937582986894995,26139.72304199706,8522.419161676647
1777142724,35,,Aggregated,3.500000,0.000000,1900,5600,9700,11000,20000,22000,25000,25000,26000,26000,26000,171,0,1900,5915.437997794337,54.937582986894995,26139.72304199706,8341.87134502924
1777142725,35,,Aggregated,3.300000,0.000000,2200,6200,10000,14000,20000,22000,25000,25000,26000,26000,26000,177,0,2200,6253.845951733499,54.937582986894995,26139.72304199706,8086.819209039548
1777142726,35,,Aggregated,3.300000,0.000000,2300,6500,11000,17000,20000,22000,25000,25000,26000,26000,26000,184,0,2200,6463.744891972253,54.937582986894995,26139.72304199706,9860.945652173914
1777142727,35,,Aggregated,3.300000,0.000000,2200,6500,11000,17000,20000,22000,25000,25000,26000,26000,26000,185,0,2200,6429.73763444807,54.937582986894995,26139.72304199706,9808.41081081081
1777142728,35,,Aggregated,3.100000,0.000000,2300,6600,11000,17000,20000,22000,25000,25000,26000,26000,26000,192,0,2200,6499.098090478583,54.937582986894995,26139.72304199706,10461.552083333334
1777142729,35,,Aggregated,3.100000,0.000000,2200,6600,11000,17000,20000,22000,25000,25000,26000,26000,26000,195,0,2200,6466.133997419951,54.937582986894995,26139.72304199706,10311.63076923077
1777142730,35,,Aggregated,3.300000,0.000000,2200,6600,11000,16000,20000,22000,25000,25000,26000,26000,26000,196,0,2200,6437.736609040276,54.937582986894995,26139.72304199706,10262.933673469388
1777142731,35,,Aggregated,4.300000,0.000000,2200,6300,11000,16000,20000,21000,25000,25000,26000,26000,26000,207,0,2200,6360.0913359321585,54.937582986894995,26139.72304199706,10666.927536231884
1777142732,35,,Aggregated,4.000000,0.000000,2200,6500,11000,17000,20000,22000,25000,25000,26000,26000,26000,219,0,2200,6473.710047917814,54.937582986894995,26139.72304199706,12711.324200913243
1777142733,35,,Aggregated,4.200000,0.000000,1900,6200,11000,16000,20000,22000,25000,25000,26000,26000,26000,224,0,1900,6332.306151196332,54.937582986894995,26139.72304199706,12430.549107142857
1777142734,35,,Aggregated,5.500000,0.000000,1900,6300,11000,16000,20000,22000,25000,25000,26000,26000,26000,226,0,1900,6378.451785920172,54.937582986894995,26139.72304199706,12328.314159292035
1777142735,35,,Aggregated,5.600000,0.000000,1900,6500,11000,16000,20000,22000,25000,25000,26000,26000,26000,231,0,1900,6413.053153649056,54.937582986894995,26139.72304199706,12072.952380952382
1777142736,35,,Aggregated,5.600000,0.000000,1900,6500,11000,17000,20000,22000,25000,25000,26000,26000,26000,233,0,1900,6452.10241717139,54.937582986894995,26139.72304199706,11975.343347639486
1777142737,35,,Aggregated,5.700000,0.000000,2200,6600,11000,17000,20000,23000,25000,25000,26000,26000,26000,236,0,2100,6583.70062249976,54.937582986894995,26139.72304199706,12639.995762711864
1777142738,35,,Aggregated,5.700000,0.000000,2100,6600,11000,17000,20000,23000,25000,25000,26000,26000,26000,237,0,2100,6556.533924552498,54.937582986894995,26139.72304199706,12587.219409282701
1777142739,35,,Aggregated,5.000000,0.000000,2200,7100,11000,17000,20000,23000,25000,25000,26000,26000,26000,240,0,2100,6536.828987299789,54.937582986894995,26139.72304199706,12440.216666666667
1777142740,35,,Aggregated,5.200000,0.000000,2100,7100,11000,17000,20000,22000,25000,25000,26000,26000,26000,243,0,2100,6529.347180526483,54.83216600259766,26139.72304199706,12292.189300411523
1777142741,35,,Aggregated,5.200000,0.000000,2100,7100,11000,17000,20000,22000,25000,25000,26000,26000,26000,244,0,1900,6502.950746897292,54.83216600259766,26139.72304199706,12242.327868852459
1777142742,35,,Aggregated,4.600000,0.000000,2100,7400,12000,17000,20000,22000,25000,25000,26000,26000,26000,251,0,2100,6605.731237019724,54.83216600259766,26139.72304199706,12676.665338645418
1777142743,35,,Aggregated,4.400000,0.000000,2100,7600,12000,17000,20000,22000,25000,25000,26000,26000,26000,255,0,2100,6651.083043270274,54.83216600259766,26139.72304199706,13230.619607843137
1777142744,35,,Aggregated,3.300000,0.000000,2100,7600,12000,17000,20000,22000,25000,25000,26000,26000,26000,261,0,2100,6639.673953991869,54.83216600259766,26139.72304199706,13664.655172413793
1777142745,35,,Aggregated,3.200000,0.000000,2200,7400,12000,17000,20000,22000,25000,25000,26000,26000,26000,268,0,2100,6607.237652339017,54.83216600259766,26139.72304199706,14031.533582089553
1777142746,35,,Aggregated,3.200000,0.000000,1900,7400,12000,17000,20000,22000,25000,25000,26000,26000,26000,275,0,1900,6580.610182857755,54.83216600259766,26139.72304199706,13688.265454545455
1777142747,35,,Aggregated,3.600000,0.000000,1900,7600,13000,17000,20000,23000,25000,25000,26000,26000,26000,279,0,1900,6621.035949056981,54.83216600259766,26139.72304199706,13499.075268817205
1777142748,35,,Aggregated,3.700000,0.000000,1700,7400,12000,17000,20000,22000,25000,25000,26000,26000,26000,283,0,1700,6530.679511024399,54.83216600259766,26139.72304199706,13310.17667844523
1777142749,35,,Aggregated,4.100000,0.000000,1900,7600,13000,17000,20000,22000,25000,25000,26000,26000,26000,289,0,1900,6653.763781411345,54.83216600259766,26139.72304199706,13053.28027681661
1777142750,35,,Aggregated,4.500000,0.000000,1900,7600,13000,17000,20000,22000,25000,25000,26000,26000,26000,294,0,1700,6636.849821972535,54.83216600259766,26139.72304199706,12841.568027210884
1777142751,35,,Aggregated,4.700000,0.000000,1900,7600,14000,17000,20000,22000,25000,25000,26000,26000,26000,301,0,1900,6694.329973119558,54.83216600259766,26139.72304199706,13817.152823920265
1777142752,35,,Aggregated,4.800000,0.000000,1700,7400,13000,17000,20000,22000,25000,25000,26000,26000,26000,305,0,1700,6626.652938770379,54.83216600259766,26139.72304199706,13640.82950819672
1777142753,35,,Aggregated,5.100000,0.000000,1900,7600,14000,17000,20000,22000,25000,25000,26000,26000,26000,309,0,1900,6732.768256038662,54.83216600259766,26139.72304199706,13476.414239482201
1777142754,35,,Aggregated,5.100000,0.000000,1900,7600,14000,17000,20000,22000,25000,25000,26000,26000,26000,309,0,1900,6732.768256038662,54.83216600259766,26139.72304199706,13476.414239482201
1777142755,35,,Aggregated,5.500000,0.000000,1900,7700,15000,17000,20000,22000,25000,25000,26000,26000,26000,315,0,1900,6799.3947130663955,54.83216600259766,26139.72304199706,13836.542857142857
1777142756,35,,Aggregated,5.200000,0.000000,1900,7800,14000,17000,20000,22000,25000,25000,26000,26000,26000,323,0,1900,6763.140729981169,54.83216600259766,26139.72304199706,13504.498452012383
1777142757,35,,Aggregated,4.700000,0.000000,1700,7600,14000,17000,20000,22000,25000,25000,26000,26000,26000,327,0,1700,6702.131197094577,54.83216600259766,26139.72304199706,13346.281345565749
1777142758,35,,Aggregated,5.100000,0.000000,1900,7800,14000,17000,20000,22000,25000,25000,26000,26000,26000,329,0,1900,6734.191358635075,54.83216600259766,26139.72304199706,13271.966565349545
1777142759,35,,Aggregated,4.800000,0.000000,1900,7700,14000,17000,20000,22000,25000,25000,26000,26000,26000,334,0,1700,6706.898867116555,54.83216600259766,26139.72304199706,13083.676646706586
1777142760,35,,Aggregated,4.500000,0.000000,1700,7600,14000,17000,20000,22000,25000,25000,26000,26000,26000,342,0,1600,6698.405024219162,54.83216600259766,26139.72304199706,13894.961988304094
1777142761,35,,Aggregated,4.500000,0.000000,1700,7600,14000,17000,20000,22000,25000,25000,26000,26000,26000,346,0,1600,6691.365464930563,54.83216600259766,26139.72304199706,13742.653179190751
1777142762,35,,Aggregated,4.500000,0.000000,1700,7600,14000,17000,20000,22000,25000,25000,26000,26000,26000,348,0,1600,6709.927340850513,54.83216600259766,26139.72304199706,13667.997126436781
1777142763,35,,Aggregated,4.900000,0.000000,1700,7700,14000,17000,20000,22000,25000,25000,26000,26000,26000,350,0,1600,6724.452407831305,54.83216600259766,26139.72304199706,14133.391428571429
1777142764,35,,Aggregated,4.600000,0.000000,1900,7800,15000,17000,20000,22000,24000,25000,26000,26000,26000,352,0,1700,6777.440361837923,54.83216600259766,26139.72304199706,14060.15625
1777142765,35,,Aggregated,4.000000,0.000000,1700,7800,14000,17000,20000,22000,24000,25000,26000,26000,26000,355,0,1700,6746.7017977464,54.65787500725128,26139.72304199706,13947.439436619718
1777142766,35,,Aggregated,4.100000,0.000000,1900,8100,15000,17000,20000,22000,24000,25000,26000,26000,26000,358,0,1700,6800.318158497022,54.65787500725128,26139.72304199706,14364.946927374302
1777142767,35,,Aggregated,4.100000,0.000000,2100,8300,15000,18000,20000,22000,24000,25000,26000,26000,26000,364,0,1900,6888.243176832194,54.65787500725128,26139.72304199706,14141.991758241758
1777142768,35,,Aggregated,3.600000,0.000000,2200,8400,15000,18000,20000,22000,24000,25000,26000,26000,26000,367,0,2200,6971.023887351211,54.65787500725128,26139.72304199706,14032.449591280654
1777142769,35,,Aggregated,3.600000,0.000000,2200,8400,15000,18000,20000,22000,24000,25000,26000,26000,26000,370,0,2100,6967.90207182128,54.65787500725128,26139.72304199706,13925.697297297298
1777142770,35,,Aggregated,3.700000,0.000000,2200,8400,15000,18000,20000,22000,24000,25000,26000,26000,26000,375,0,2200,6977.118740868908,54.65787500725128,26139.72304199706,14256.458666666667
1777142771,35,,Aggregated,3.800000,0.000000,2200,8700,15000,18000,20000,22000,24000,25000,26000,26000,26000,382,0,2200,7016.398674942073,54.65787500725128,26139.72304199706,14998.534031413612
1777142772,35,,Aggregated,3.600000,0.000000,1900,8400,15000,18000,20000,22000,24000,25000,26000,26000,26000,387,0,1900,6928.194689366615,54.65787500725128,26139.72304199706,14806.511627906977
1777142773,35,,Aggregated,3.200000,0.000000,1900,8400,15000,18000,20000,22000,24000,25000,26000,26000,26000,395,0,1900,6915.182842075733,54.65787500725128,26139.72304199706,14516.918987341773
1777142774,35,,Aggregated,3.700000,0.000000,1700,8100,15000,17000,20000,22000,24000,25000,26000,26000,26000,403,0,1700,6864.188825359538,54.65787500725128,26139.72304199706,14240.362282878412
1777142775,35,,Aggregated,4.200000,0.000000,1700,8100,15000,17000,20000,22000,24000,25000,26000,26000,26000,406,0,1600,6869.372532930788,54.65787500725128,26139.72304199706,14139.768472906404
1777142776,35,,Aggregated,4.600000,0.000000,1700,8300,15000,18000,20000,22000,24000,25000,26000,26000,26000,408,0,1600,6892.420982217877,54.65787500725128,26139.72304199706,14073.406862745098
1777142777,35,,Aggregated,5.300000,0.000000,1900,8300,15000,17000,20000,22000,24000,25000,26000,26000,26000,411,0,1900,6905.948468153001,54.65787500725128,26139.72304199706,13974.776155717762
1777142778,35,,Aggregated,5.000000,0.000000,1700,8100,15000,17000,20000,22000,24000,25000,26000,26000,26000,416,0,1600,6856.786968134229,54.65787500725128,26139.72304199706,13810.673076923076
1777142779,35,,Aggregated,4.800000,0.000000,1900,8300,15000,17000,20000,22000,24000,25000,26000,26000,26000,420,0,1700,6880.201267049547,54.65787500725128,26139.72304199706,13685.788095238095
1777142780,35,,Aggregated,5.000000,0.000000,1700,8300,15000,17000,20000,22000,24000,25000,26000,26000,26000,428,0,1600,6867.388821345358,54.65787500725128,26139.72304199706,13443.556074766355
1777142781,35,,Aggregated,4.900000,0.000000,1900,8400,15000,17000,20000,22000,24000,25000,26000,26000,26000,436,0,1900,6942.009205547638,54.65787500725128,26139.72304199706,13641.635321100917
1777142782,35,,Aggregated,5.200000,0.000000,1700,8300,15000,17000,20000,22000,24000,25000,26000,26000,26000,440,0,1600,6883.343477826756,54.65787500725128,26139.72304199706,13520.268181818183
1777142783,35,,Aggregated,5.400000,0.000000,1700,8400,15000,17000,20000,22000,25000,25000,26000,26000,26000,446,0,1600,6936.061916746125,54.65787500725128,26139.72304199706,13768.280269058296
1777142784,35,,Aggregated,5.200000,0.000000,1600,8400,15000,17000,20000,22000,24000,25000,26000,26000,26000,452,0,1500,6902.963410756133,54.65787500725128,26139.72304199706,14010.971238938053
1777142785,35,,Aggregated,5.100000,0.000000,1400,8300,15000,17000,20000,22000,24000,25000,26000,26000,26000,455,0,1400,6857.908745318231,54.65787500725128,26139.72304199706,13919.527472527472
1777142786,35,,Aggregated,5.200000,0.000000,1500,8300,15000,17000,20000,22000,25000,25000,26000,26000,26000,458,0,1400,6880.028929392463,54.65787500725128,26139.72304199706,14246.039301310044
1777142787,35,,Aggregated,4.800000,0.000000,1500,8100,15000,17000,20000,22000,25000,25000,26000,26000,26000,462,0,1400,6880.801368495115,54.65787500725128,26139.72304199706,14946.12554112554
1777142788,35,,Aggregated,4.900000,0.000000,1500,8300,15000,17000,20000,22000,25000,25000,26000,26000,26000,467,0,1500,6897.154405142836,54.65787500725128,26139.72304199706,14795.528907922911
1777142789,35,,Aggregated,5.000000,0.000000,1500,8300,15000,17000,20000,22000,25000,25000,26000,26000,26000,478,0,1400,6924.249994493078,54.65787500725128,26139.72304199706,15260.278242677825
1777142790,35,,Aggregated,4.800000,0.000000,1400,8300,15000,17000,20000,22000,25000,25000,26000,26000,26000,483,0,1400,6915.063191928811,54.65787500725128,26139.72304199706,15499.68115942029
1777142791,35,,Aggregated,5.100000,0.000000,1400,8400,15000,17000,20000,22000,25000,25000,26000,26000,26000,485,0,1400,6919.648591052855,54.65787500725128,26139.72304199706,15438.874226804124
1777142792,35,,Aggregated,5.100000,0.000000,1500,8400,15000,17000,20000,22000,25000,25000,26000,26000,26000,486,0,1400,6940.307982668002,54.65787500725128,26139.72304199706,15409.707818930041
1777142793,35,,Aggregated,5.100000,0.000000,1500,8400,15000,17000,20000,22000,25000,25000,26000,26000,26000,486,0,1400,6940.307982668002,54.65787500725128,26139.72304199706,15409.707818930041
1777142794,35,,Aggregated,4.900000,0.000000,1700,8700,16000,18000,20000,22000,25000,25000,26000,26000,26000,491,0,1700,7028.426625156151,54.65787500725128,26139.72304199706,16035.82484725051
1777142795,35,,Aggregated,4.500000,0.000000,1600,8700,15000,18000,20000,22000,25000,25000,26000,26000,26000,498,0,1500,6992.04723375435,54.65787500725128,26139.72304199706,15815.83734939759
1777142796,35,,Aggregated,3.900000,0.000000,1700,8700,15000,17000,20000,22000,24000,25000,26000,26000,26000,503,0,1700,7000.915229607735,54.65787500725128,26139.72304199706,16418.92842942346
1777142797,35,,Aggregated,3.900000,0.000000,1900,8700,15000,17000,20000,22000,24000,25000,26000,26000,26000,504,0,1700,7017.521117793029,54.65787500725128,26139.72304199706,16763.5
1777142798,35,,Aggregated,3.900000,0.000000,1900,8700,15000,17000,20000,22000,24000,25000,26000,26000,26000,504,0,1700,7017.521117793029,54.65787500725128,26139.72304199706,16763.5
1777142799,35,,Aggregated,4.500000,0.000000,1900,8700,15000,17000,20000,22000,24000,25000,26000,26000,26000,509,0,1900,7046.571285105408,54.65787500725128,26139.72304199706,16979.381139489193
1777142800,35,,Aggregated,4.200000,0.000000,1900,8800,16000,17000,20000,22000,24000,25000,26000,26000,26000,514,0,1700,7044.9836583865035,54.65787500725128,26139.72304199706,16820.63813229572
1777142801,35,,Aggregated,3.600000,0.000000,1900,9200,16000,17000,20000,22000,24000,25000,26000,26000,26000,519,0,1900,7088.199760103345,54.65787500725128,26139.72304199706,16667.901734104045
1777142802,35,,Aggregated,3.000000,0.000000,1900,8700,16000,17000,20000,22000,24000,25000,26000,26000,26000,527,0,1900,7052.222019912129,54.65787500725128,26139.72304199706,16783.715370018974
1777142803,35,,Aggregated,3.000000,0.000000,1900,9200,16000,17000,20000,22000,24000,25000,26000,26000,26000,535,0,1900,7058.75230917519,54.65787500725128,26139.72304199706,16541.92710280374
1777142804,35,,Aggregated,3.300000,0.000000,1600,8700,15000,17000,20000,22000,24000,25000,26000,26000,26000,540,0,1500,6998.6353644143355,54.65787500725128,26139.72304199706,16393.55925925926
1777142805,35,,Aggregated,4.100000,0.000000,1500,8700,15000,17000,20000,22000,24000,25000,26000,26000,26000,550,0,1400,6940.790492179423,54.65787500725128,26139.72304199706,16448.383636363636
1777142806,35,,Aggregated,4.800000,0.000000,1200,8400,15000,17000,20000,22000,24000,25000,26000,26000,26000,556,0,1200,6869.378821177356,54.65787500725128,26139.72304199706,16274.526978417267
1777142807,35,,Aggregated,5.100000,0.000000,1200,8400,15000,17000,20000,22000,24000,25000,26000,26000,26000,561,0,1200,6873.0253166838165,54.65787500725128,26139.72304199706,16134.661319073084
1777142808,35,,Aggregated,5.100000,0.000000,1200,8700,15000,17000,20000,22000,24000,25000,26000,26000,26000,569,0,1200,6901.128570139886,54.65787500725128,26139.72304199706,15917.386643233744
1777142809,35,,Aggregated,5.300000,0.000000,1100,8400,15000,17000,20000,22000,24000,25000,26000,26000,26000,572,0,1000,6865.3716664381445,54.65787500725128,26139.72304199706,15834.589160839161
1777142810,35,,Aggregated,6.000000,0.000000,1100,8400,15000,17000,20000,22000,24000,25000,26000,26000,26000,575,0,1100,6869.81416375755,54.65787500725128,26139.72304199706,15757.332173913044
1777142811,35,,Aggregated,6.600000,0.000000,1200,8700,15000,17000,20000,22000,24000,25000,26000,26000,26000,580,0,1200,6921.4794568147845,54.65787500725128,26139.72304199706,16606.75
1777142812,35,,Aggregated,6.300000,0.000000,1200,8700,15000,17000,20000,22000,24000,25000,26000,26000,26000,584,0,1100,6902.464527314372,54.65787500725128,26139.72304199706,16494.950342465752
1777142813,35,,Aggregated,6.300000,0.000000,1200,8700,15000,17000,20000,22000,24000,25000,26000,26000,26000,585,0,1200,6904.254242224992,54.65787500725128,26139.72304199706,16468.625641025643
1777142814,35,,Aggregated,6.100000,0.000000,1200,8700,15000,17000,20000,22000,24000,25000,26000,26000,26000,586,0,1200,6932.228398238291,54.65787500725128,26139.72304199706,16764.89590443686
1777142815,35,,Aggregated,5.700000,0.000000,1400,8700,15000,17000,20000,22000,24000,25000,26000,26000,26000,591,0,1400,6956.597649733763,54.65787500725128,26139.72304199706,17270.48223350254
1777142816,35,,Aggregated,5.000000,0.000000,1400,8700,15000,17000,20000,22000,24000,25000,26000,26000,26000,601,0,1400,6964.778873044321,54.65787500725128,26139.72304199706,16993.16306156406
1777142817,35,,Aggregated,4.300000,0.000000,1000,8400,15000,17000,20000,22000,24000,25000,26000,26000,26000,611,0,1000,6880.608733894703,54.65787500725128,26139.72304199706,16718.271685761047
1777142818,35,,Aggregated,4.100000,0.000000,1000,8400,15000,17000,20000,22000,24000,25000,26000,26000,26000,614,0,1000,6857.831244626441,54.65787500725128,26139.72304199706,16639.77361563518
1777142819,35,,Aggregated,4.500000,0.000000,1100,8400,15000,17000,20000,22000,24000,25000,26000,26000,26000,621,0,1100,6888.610577416472,54.65787500725128,26139.72304199706,16764.054750402578
1777142820,35,,Aggregated,4.700000,0.000000,1100,8400,15000,17000,20000,22000,24000,25000,26000,26000,26000,623,0,1100,6902.522885956103,54.65787500725128,26139.72304199706,17015.5569823435
1777142821,35,,Aggregated,4.400000,0.000000,1200,8400,15000,17000,20000,22000,24000,25000,26000,26000,26000,624,0,1100,6906.67548042251,54.65787500725128,26139.72304199706,16990.8766025641
1777142822,35,,Aggregated,4.900000,0.000000,1200,8400,15000,17000,20000,22000,24000,25000,26000,26000,26000,626,0,1100,6894.554044981824,54.65787500725128,26139.72304199706,17240.468051118212
1777142823,35,,Aggregated,4.600000,0.000000,1200,8400,15000,17000,20000,22000,24000,25000,26000,26000,26000,627,0,1200,6913.682465962695,54.65787500725128,26139.72304199706,17215.151515151516
1777142824,35,,Aggregated,4.400000,0.000000,1400,8700,16000,17000,20000,22000,24000,25000,26000,26000,26000,631,0,1400,6983.084709309927,54.65787500725128,26139.72304199706,17113.353407290015
1777142825,35,,Aggregated,4.200000,0.000000,1400,8800,16000,17000,20000,22000,24000,25000,26000,26000,26000,635,0,1400,7001.256416785189,54.65787500725128,26139.72304199706,17009.63464566929
1777142826,35,,Aggregated,4.200000,0.000000,1200,8800,16000,17000,20000,22000,24000,25000,26000,26000,26000,646,0,1200,6971.406724313594,54.65787500725128,26139.72304199706,17021.713622291023
1777142827,35,,Aggregated,4.500000,0.000000,1200,8800,16000,17000,20000,22000,24000,25000,26000,26000,26000,656,0,1200,6971.8292503012135,54.65787500725128,26139.72304199706,17061.16006097561
1777142828,35,,Aggregated,4.400000,0.000000,1200,9200,16000,17000,20000,22000,24000,25000,26000,26000,26000,663,0,1200,7003.989279018898,54.65787500725128,26139.72304199706,16889.39819004525
1777142829,35,,Aggregated,4.500000,0.000000,1200,8800,16000,17000,20000,22000,24000,25000,26000,26000,26000,665,0,1200,6983.373955184241,54.65787500725128,26139.72304199706,16839.046616541353
1777142830,35,,Aggregated,4.500000,0.000000,1200,9200,16000,17000,20000,22000,24000,25000,26000,26000,26000,667,0,1200,6993.854908530058,54.65787500725128,26139.72304199706,16790.3868065967
1777142831,35,,Aggregated,4.900000,0.000000,1200,9200,16000,17000,20000,22000,24000,25000,26000,26000,26000,670,0,1100,6983.399938105308,54.65787500725128,26139.72304199706,16718.00298507463
1777142832,35,,Aggregated,4.400000,0.000000,1200,8800,16000,17000,20000,22000,24000,25000,26000,26000,26000,672,0,1100,6972.558010088631,54.65787500725128,26139.72304199706,16670.31994047619
1777142834,35,,Aggregated,4.500000,0.000000,1200,9200,16000,17000,20000,22000,24000,25000,26000,26000,26000,675,0,1200,6988.9125102289245,54.65787500725128,26139.72304199706,16879.841481481482
1777142835,35,,Aggregated,4.600000,0.000000,1200,8800,16000,17000,20000,22000,24000,25000,26000,26000,26000,678,0,1100,6968.356995373908,54.65787500725128,26139.72304199706,16807.109144542774
1777142836,35,,Aggregated,4.600000,0.000000,1200,8800,16000,17000,20000,21000,24000,25000,26000,26000,26000,681,0,1200,6978.544032962567,54.65787500725128,26139.72304199706,16739.395007342144
1777142837,35,,Aggregated,4.800000,0.000000,1400,9200,16000,17000,20000,21000,24000,25000,26000,26000,26000,682,0,1200,6995.368554664947,54.65787500725128,26139.72304199706,16716.84017595308
1777142838,35,,Aggregated,4.700000,0.000000,1200,8800,16000,17000,20000,21000,24000,25000,26000,26000,26000,683,0,1200,6985.325875533636,54.65787500725128,26139.72304199706,16692.566617862372
1777142839,35,,Aggregated,4.600000,0.000000,1400,9200,16000,17000,20000,21000,24000,25000,26000,26000,26000,685,0,1400,7006.223792745219,54.65787500725128,26139.72304199706,16647.214598540148
1777142840,35,,Aggregated,3.600000,0.000000,1400,9200,16000,17000,20000,22000,24000,25000,26000,26000,26000,689,0,1400,7042.319626676986,54.65787500725128,26139.72304199706,17104.172714078373
1777142841,35,,Aggregated,2.700000,0.000000,1400,9200,16000,17000,20000,22000,24000,25000,26000,26000,26000,698,0,1200,7021.593584152401,54.65787500725128,26139.72304199706,16891.373925501433
1777142842,35,,Aggregated,2.200000,0.000000,1200,9200,16000,17000,20000,22000,23000,25000,26000,26000,26000,708,0,1100,7004.29653023214,54.65787500725128,26139.72304199706,16660.118644067796
1777142843,35,,Aggregated,2.400000,0.000000,1200,9200,16000,17000,20000,22000,23000,25000,26000,26000,26000,713,0,1200,7039.0907013609985,54.65787500725128,26139.72304199706,16813.21458625526
1777142844,35,,Aggregated,3.000000,0.000000,1100,9200,16000,17000,20000,22000,23000,25000,26000,26000,26000,720,0,1000,7004.376716649168,50.833958986913785,26139.72304199706,16917.058333333334
1777142845,35,,Aggregated,3.800000,0.000000,1000,9200,16000,17000,20000,22000,23000,25000,26000,26000,26000,726,0,1000,6998.509685245765,50.833958986913785,26139.72304199706,16781.95867768595
1777142846,35,,Aggregated,4.100000,0.000000,1000,9100,16000,17000,20000,22000,23000,25000,26000,26000,26000,730,0,1000,6981.06152972107,50.833958986913785,26139.72304199706,16950.930136986302
1777142847,35,,Aggregated,4.800000,0.000000,1000,9200,16000,17000,20000,22000,23000,25000,26000,26000,26000,742,0,1000,7029.939639809122,50.833958986913785,26139.72304199706,16942.70485175202
1777142848,35,,Aggregated,4.800000,0.000000,1000,9300,16000,17000,20000,22000,23000,25000,26000,26000,26000,748,0,1000,7037.944325461737,50.833958986913785,26139.72304199706,17064.419786096256
1777142849,35,,Aggregated,4.900000,0.000000,1000,9300,16000,17000,20000,22000,23000,25000,26000,26000,26000,750,0,1000,7044.434376925843,50.833958986913785,26139.72304199706,17020.994666666666
1777142850,35,,Aggregated,5.900000,0.000000,1000,9200,16000,17000,20000,22000,23000,25000,26000,26000,26000,753,0,1000,7028.2382665250725,50.833958986913785,26139.72304199706,16955.2005312085
1777142851,35,,Aggregated,6.500000,0.000000,1100,9200,16000,17000,20000,22000,23000,25000,26000,26000,26000,756,0,1000,7037.84078492372,50.833958986913785,26139.72304199706,17142.530423280423
1777142852,35,,Aggregated,6.500000,0.000000,1000,9200,16000,17000,20000,22000,23000,25000,26000,26000,26000,761,0,1000,7023.8871599137365,50.833958986913785,26139.72304199706,17032.862023653088
1777142853,35,,Aggregated,5.800000,0.000000,1000,9200,16000,17000,20000,22000,23000,25000,26000,26000,26000,767,0,1000,7004.45402975014,50.833958986913785,26139.72304199706,16903.597131681876
1777142854,35,,Aggregated,5.800000,0.000000,1000,9200,16000,17000,20000,22000,23000,25000,26000,26000,26000,767,0,1000,7004.45402975014,50.833958986913785,26139.72304199706,16903.597131681876
1777142855,35,,Aggregated,5.800000,0.000000,1000,9200,16000,17000,20000,22000,23000,25000,26000,26000,26000,767,0,1000,7004.45402975014,50.833958986913785,26139.72304199706,16903.597131681876
1777142856,35,,Aggregated,4.700000,0.000000,1000,9200,16000,17000,20000,22000,23000,25000,26000,26000,26000,773,0,1000,7016.659278710689,50.833958986913785,26139.72304199706,16779.094437257438
